{
   "error": false,
   "mensaje": "",
   "objeto":    [
            {
         "codigo": 7,
         "responsable": null,
         "cargo": null,
         "extra": null,
         "establecimientoSalud": {
             "codigo": 1,
             "unicodigo": "111111",
             "direccion": "Direccion",
             "latitud": "12",
             "longitud": "12",
             "telefono": "222333",
             "correoElectronico": "h@correo.com",
             "nombreResponsable": "responsable",
             "zona": "CENTRO",
             "distrito": "Distrito",
             "canton": {
                  "id":1,
                  "provincia":{
                      "id":1,
                      "nombre":"PICHINCHA",
                      "codigo":"PIC",
                      "cantonList":null
                  },
                  "nombre":"QUITO",
                  "codigo":"QUI",
                  "establecimientoSaludList": null
             },
             "personaJuridica": {
                  "id":1,
                  "creado":"2017-08-29",
                  "modificado":"2017-08-29",
                  "razonSocial":"Relative Engine",
                  "ruc":"4564156",
                  "establecimientoSaludList":{"codigo":2}
             },
             "evaluacionList": null
         },
         "formulario": {
                "id": 1,
                "codigo": 1,
                "creado": 1500561382557,
                "modificado": 1500561382557,
                "nombre": "Formulario de Información del Establecimiento",
                "titulo": "Formulario de Información del Establecimiento",
                "subtitulo": null,
                "ayuda": null,
                "clave": "1",
                "evaluacionList": null
         }
    },
    {
        "id":null,
        "creado":null,
        "modificado":"2017-08-30",
        "creado_por":null,
        "modificado_por":null,
        "codigo": 10,
        "responsable": null,
        "cargo": null,
        "extra": null,
        "establecimientoSalud": {
            "codigo": 1,
            "titulo": "Formulario de InformaciÃ³n del Establecimiento",
            "subtitulo": null,
            "ayuda": null,
            "clave": "1",
            "contestadosLista": null
         },
         "formulario":{"codigo":3}
      },
            {
         "codigo": 8,
         "responsable": null,
         "cargo": null,
         "extra": null,
         "establecimientoSalud": null,
         "formulario":          {
            "codigo": 3,
            "titulo": "Formulario de InformaciÃ³n del Establecimiento",
            "subtitulo": null,
            "ayuda": null,
            "clave": "1",
            "contestadosLista": null
         }
      }
   ]
}
