{
	"error": false,
	"mensaje": "",
	"objeto": [{
			"codigo": 8,
			"responsable": "responsable1",
			"cargo": "cargo1",
			"extra": "extra1",
			"establecimientoSalud": {
				"codigo": 1,
				"unicodigo": "111111",
				"direccion": "Direccion",
				"latitud": "12",
				"longitud": "12",
				"telefono": "222333",
				"correoElectronico": "h@correo.com",
				"nombreResponsable": "responsable",
				"zona": "CENTRO",
				"distrito": "Distrito",
				"canton": {
					"codigo": 1,
					"nombre": "QUITO",
					"codigoINEN": "UIO",
					"provincia": {
						"codigo": 1,
						"nombre": "PICHINCHA",
						"codigoInen": "PHC"
					}
				},
				"personaJuridica": {
					"codigo": 1,
					"ruc": "17654798001",
					"establecimientoSaludLista": null
				},
				"evaluacionList": null
			},
			"formulario": {
				"codigo": 1,
				"titulo": "Formulario de Información del Establecimiento",
				"subtitulo": null,
				"ayuda": null,
				"clave": "1",
				"contestadosLista": null
			}
		},

		{
			"codigo": 10,
			"responsable": null,
			"cargo": "cargo2",
			"extra": null,
			"establecimientoSalud": {
				"codigo": 1,
				"unicodigo": "111111",
				"direccion": "Direccion",
				"latitud": "12",
				"longitud": "12",
				"telefono": "222333",
				"correoElectronico": "h@correo.com",
				"nombreResponsable": "responsable",
				"zona": "CENTRO",
				"distrito": "Distrito",
				"canton": {
					"codigo": 1,
					"nombre": "QUITO",
					"codigoINEN": "UIO",
					"provincia": {
						"codigo": 1,
						"nombre": "PICHINCHA",
						"codigoInen": "PHC"
					}
				},
				"personaJuridica": {
					"codigo": 1,
					"ruc": "17654798001",
					"establecimientoSaludLista": null
				},
				"evaluacionList": null
			},
			"formulario": {
				"codigo": 1,
				"titulo": "Formulario de Información del Establecimiento",
				"subtitulo": null,
				"ayuda": null,
				"clave": "1",
				"contestadosLista": null
			}
		}




	]
}
