{
   "error": false,
   "mensaje": "",
   "objeto":    [
            {
         "codigo": 1,
         "nombre": "HOSPITAL",
         "unicodigo": null,
         "direccion": "DIRECCION1",
         "latitud": null,
         "longitud": null,
         "telefono": null,
         "correoElectronico": null,
         "nombreResponsable": null,
         "zona": null,
         "distrito": null,
         "canton":          {
            "codigo": 1,
            "nombre": "QUITO",
            "codigoINEN": "UIO",
            "provincia":             {
               "codigo": 1,
               "nombre": "PICHINCHA",
               "codigoInen": "PCH"
            }
         },
         "personaJuridica":          {
            "codigo": 1,
            "razonSocial": null,
            "ruc": "11254798001"
         }
      },
            {
         "codigo": 19,
         "nombre": null,
         "unicodigo": null,
         "direccion": "DIRECCION2",
         "latitud": null,
         "longitud": null,
         "telefono": null,
         "correoElectronico": null,
         "nombreResponsable": null,
         "zona": null,
         "distrito": null,
         "canton":          {
            "codigo": 1,
            "nombre": "QUITO",
            "codigoINEN": "UIO",
            "provincia":             {
               "codigo": 1,
               "nombre": "PICHINCHA",
               "codigoInen": "PCH"
            }
         },
         "personaJuridica":          {
            "codigo": 1,
            "razonSocial": null,
            "ruc": "11254798001"
         }
      },
            {
         "codigo": 22,
         "nombre": null,
         "unicodigo": null,
         "direccion": "DIRECCION3",
         "latitud": null,
         "longitud": null,
         "telefono": null,
         "correoElectronico": null,
         "nombreResponsable": null,
         "zona": null,
         "distrito": null,
         "canton":          {
            "codigo": 1,
            "nombre": "QUITO",
            "codigoINEN": "UIO",
            "provincia":             {
               "codigo": 1,
               "nombre": "PICHINCHA",
               "codigoInen": "PCH"
            }
         },
         "personaJuridica":          {
            "codigo": 1,
            "razonSocial": null,
            "ruc": "11254798001"
         }
      }
   ]
}
