{
    "error": false,
    "mensaje": "",
    "objeto": [
    {
        "id":1,
        "creado":"19/08/2017",
        "modificado":"30/08/2017",
        "creado_por":"Nathaly",
        "modificado_por":"Nathaly",
        "usuario":null,
        "establecimientoSalud":{
              "id":1,
              "creado":"31-08-2017",
              "modificado":"31-08-2017",
              "canton":{
                  "id":1,
                  "provincia":{
                      "id":1,
                      "nombre":"PICHINCHA",
                      "codigo":"PIC",
                      "cantonList":null
                  },
                  "nombre":"QUITO",
                  "codigo":"QUI",
                  "establecimientoSaludList": null
              },
              "persona_juridica":{
                  "id":1,
                  "creado":"2017-08-29",      
                  "modificado":"2017-08-29",  
                  "razonSocial":"Relative Engine", 
                  "ruc":"4564156",
                  "establecimientoSaludList": null
              },
              "nombre":"Hospital",
              "unicodigo":54651,
              "direccion":"Roberto Crespo",
              "latitud":12,
              "longitud":12,
              "telefono":564654,
              "correo_electronico":"hospital@dominio.com",
              "nombre_responsable":"Luis De Andrade",
              "zona":"SUR",
              "distrito":"DISTRITO"
        },
        "numero":1,
        "calificacion":5,
        "fecha_inicio":"30/08/2017",
        "fecha_calificacion":"30/08/2017",
        "cantidad_encuestas":3,
        "encuestaList":[ { 
             "id":10,
             "creado":null,
             "modificado":"2017-08-30",
             "creado_por":null,
             "modificado_por":null,
             "codigo": 9,
             "responsable": null,
             "cargo": null,
             "extra": null,
             "establecimientoSalud": { 
                  "id":1,
                  "creado":"31-08-2017",
                  "modificado":"31-08-2017",
                  "canton":{
                      "id":1,
                      "provincia":{
                          "id":1,
                          "nombre":"PICHINCHA",
                          "codigo":"PIC",
                          "cantonList":null
                      },
                      "nombre":"QUITO",
                      "codigo":"QUI",
                      "establecimientoSaludList": null
                  },
                  "persona_juridica":{
                      "id":1,
                      "creado":"2017-08-29",      
                      "modificado":"2017-08-29",  
                      "razonSocial":"Relative Engine", 
                      "ruc":"4564156",
                      "establecimientoSaludList": null
                  },
                  "nombre":"Hospital",
                  "unicodigo":54651,
                  "direccion":"Roberto Crespo",
                  "latitud":12,
                  "longitud":12,
                  "telefono":564654,
                  "correo_electronico":"hospital@dominio.com",
                  "nombre_responsable":"Luis De Andrade",
                  "zona":"SUR",
                  "distrito":"DISTRITO",
                  "evaluacionList": null
             }, 
             "formulario": { 
                    "id": 1,
                    "codigo": 1,
                    "creado": 1500561382557,
                    "modificado": 1500561382557,
                    "nombre": "Formulario de Información del Establecimiento",
                    "titulo": "Formulario de Información del Establecimiento",
                    "subtitulo": null,
                    "ayuda": null,
                    "clave": "1",
                    "evaluacionList": null
             } 
        }]

    },
    {
        "id":2,
        "creado":"21/08/2017",
        "modificado":"30/08/2017",
        "creado_por":"Rogger",
        "modificado_por":"Rogger",
        "usuario":null,
        "establecimientoSalud":{
              "id":2,
              "creado":"31-08-2017",
              "modificado":"31-08-2017",
              "canton":{
                  "id":1,
                  "provincia":{
                      "id":1,
                      "nombre":"PICHINCHA",
                      "codigo":"PIC",
                      "cantonList":null
                  },
                  "nombre":"QUITO",
                  "codigo":"QUI",
                  "establecimientoSaludList": null
              },
              "persona_juridica":{
                  "id":1,
                  "creado":"2017-08-29",      
                  "modificado":"2017-08-29",  
                  "razonSocial":"Relative Engine", 
                  "ruc":"4564156",
                  "establecimientoSaludList": null
              },
              "nombre":"Clinica",
              "unicodigo":4165,
              "direccion":"Cumbaya",
              "latitud":21,
              "longitud":12,
              "telefono":54984,
              "correo_electronico":"clinica@dominio.com",
              "nombre_responsable":"Jaime Rodriguez",
              "zona":"NORTE",
              "distrito":"DISTRITO"
        },
        "numero":1,
        "calificacion":10,
        "fecha_inicio":"30/08/2017",
        "fecha_calificacion":"30/08/2017",
        "cantidad_encuestas":3,
        "encuestaList":null
    },
    {
        "id":3,
        "creado":"21/08/2017",
        "modificado":"30/08/2017",
        "creado_por":"Rogger",
        "modificado_por":"Rogger",
        "usuario":null,
        "establecimientoSalud":{
              "id":3,
              "creado":"31-08-2017",
              "modificado":"31-08-2017",
              "canton":{
                  "id":1,
                  "provincia":{
                      "id":1,
                      "nombre":"PICHINCHA",
                      "codigo":"PIC",
                      "cantonList":null
                  },
                  "nombre":"QUITO",
                  "codigo":"QUI",
                  "establecimientoSaludList": null
              },
              "persona_juridica":{
                  "id":1,
                  "creado":"2017-08-29",      
                  "modificado":"2017-08-29",  
                  "razonSocial":"Relative Engine", 
                  "ruc":"4564156",
                  "establecimientoSaludList": null
              },
              "nombre":"Centro Medico Publico",
              "unicodigo":23424,
              "direccion":"Ejido",
              "latitud":23,
              "longitud":32,
              "telefono":42342,
              "correo_electronico":"centro@dominio.com",
              "nombre_responsable":"Hugo Carvajal",
              "zona":"CENTRO",
              "distrito":"DISTRITO"
        },
        "numero":1,
        "calificacion":10,
        "fecha_inicio":"30/08/2017",
        "fecha_calificacion":"30/08/2017",
        "cantidad_encuestas":3,
        "encuestaList":null

    }
    ]
}
