{
  "error": false,
  "mensaje": "",
  "objeto": {
    "idEncuesta": null,
    "idFormulario": 1,
    "responsable": null,
    "cargo": null,
    "extra": null,
    "pregunta": [
      {
        "id": 1000,
        "padre": null,
        "texto": "1. INSTITUCIONES DEL SISTEMA DE SALUD",
        "ayuda": null,
        "prefijo": null,
        "subfijo": null,
        "validacion": null,
        "orden": 1,
        "codigoTipoPregunta": null,
        "etiquetaTipoPregunta": null,
        "codigoRespuesta": null,
        "codigoEncuesta": null,
        "valorNumero": null,
        "valorTexto": null,
        "valorFecha": null,
        "valorBooleano": null,
        "preguntaLista": [
          {
            "id": 2001,
            "padre": 1000,
            "texto": "1.MSP",
            "ayuda": null,
            "prefijo": null,
            "subfijo": null,
            "validacion": null,
            "orden": 1,
            "codigoTipoPregunta": null,
            "etiquetaTipoPregunta": null,
            "codigoRespuesta": null,
            "codigoEncuesta": null,
            "valorNumero": null,
            "valorTexto": "Alto",
            "valorFecha": null,
            "valorBooleano": false,
            "preguntaLista": [
                {
                    "id": 2034,
                    "padre": 2001,
                    "texto": "7. Establecimiento de Salud Tipo C –Materno Infantil.",
                    "ayuda": null,
                    "prefijo": null,
                    "subfijo": null,
                    "validacion": null,
                    "orden": 1,
                    "codigoTipoPregunta": null,
                    "etiquetaTipoPregunta": null,
                    "codigoRespuesta": null,
                    "codigoEncuesta": null,
                    "valorNumero": null,
                    "valorTexto": null,
                    "valorFecha": null,
                    "valorBooleano": true,
                    "preguntaLista": [

                    ]
                },
                {
                    "id": 2035,
                    "padre": 2001,
                    "texto": "11. Hospital Básico",
                    "ayuda": null,
                    "prefijo": null,
                    "subfijo": null,
                    "validacion": null,
                    "orden": 2,
                    "codigoTipoPregunta": null,
                    "etiquetaTipoPregunta": null,
                    "codigoRespuesta": null,
                    "codigoEncuesta": null,
                    "valorNumero": null,
                    "valorTexto": null,
                    "valorFecha": null,
                    "valorBooleano": false,
                    "preguntaLista": [

                    ]
                },
                {
                    "id": 2036,
                    "padre": 2001,
                    "texto": "12. Hospital General",
                    "ayuda": null,
                    "prefijo": null,
                    "subfijo": null,
                    "validacion": null,
                    "orden": 3,
                    "codigoTipoPregunta": null,
                    "etiquetaTipoPregunta": null,
                    "codigoRespuesta": null,
                    "codigoEncuesta": null,
                    "valorNumero": null,
                    "valorTexto": null,
                    "valorFecha": null,
                    "valorBooleano": false,
                    "preguntaLista": [

                    ]
                },
                {
                    "id": 2037,
                    "padre": 2001,
                    "texto": "13. Hospital Especializado en Gineco-Obstetricia",
                    "ayuda": null,
                    "prefijo": null,
                    "subfijo": null,
                    "validacion": null,
                    "orden": 4,
                    "codigoTipoPregunta": null,
                    "etiquetaTipoPregunta": null,
                    "codigoRespuesta": null,
                    "codigoEncuesta": null,
                    "valorNumero": null,
                    "valorTexto": null,
                    "valorFecha": null,
                    "valorBooleano": false,
                    "preguntaLista": [

                    ]
                }
            ]
          },
          {
            "id": 2002,
            "padre": 1000,
            "texto": "2.IESS",
            "ayuda": null,
            "prefijo": null,
            "subfijo": null,
            "validacion": null,
            "orden": 2,
            "codigoTipoPregunta": null,
            "etiquetaTipoPregunta": null,
            "codigoRespuesta": null,
            "codigoEncuesta": null,
            "valorNumero": null,
            "valorTexto": null,
            "valorFecha": null,
            "valorBooleano": true,
            "preguntaLista": [
              
            ]
          },
          {
            "id": 2003,
            "padre": 1000,
            "texto": "4.ISSFA",
            "ayuda": null,
            "prefijo": null,
            "subfijo": null,
            "validacion": null,
            "orden": 3,
            "codigoTipoPregunta": null,
            "etiquetaTipoPregunta": null,
            "codigoRespuesta": null,
            "codigoEncuesta": null,
            "valorNumero": null,
            "valorTexto": null,
            "valorFecha": null,
            "valorBooleano": false,
            "preguntaLista": [
              
            ]
          },
          {
            "id": 2031,
            "padre": 1000,
            "texto": "5.ISPOL",
            "ayuda": null,
            "prefijo": null,
            "subfijo": null,
            "validacion": null,
            "orden": 4,
            "codigoTipoPregunta": null,
            "etiquetaTipoPregunta": null,
            "codigoRespuesta": null,
            "codigoEncuesta": null,
            "valorNumero": null,
            "valorTexto": null,
            "valorFecha": null,
            "valorBooleano": false,
            "preguntaLista": [
            ]
          },
          {
            "id": 2032,
            "padre": 1000,
            "texto": "6.Establecimientos de salud Privados",
            "ayuda": null,
            "prefijo": null,
            "subfijo": null,
            "validacion": null,
            "orden":5,
            "codigoTipoPregunta": null,
            "etiquetaTipoPregunta": null,
            "codigoRespuesta": null,
            "codigoEncuesta": null,
            "valorNumero": null,
            "valorTexto": null,
            "valorFecha": null,
            "valorBooleano": false,
            "preguntaLista": [
              
            ]
          },
          {
            "id": 2033,
            "padre": 1000,
            "texto": "7.Otros",
            "ayuda": null,
            "prefijo": null,
            "subfijo": null,
            "validacion": null,
            "orden": 6,
            "codigoTipoPregunta": null,
            "etiquetaTipoPregunta": null,
            "codigoRespuesta": null,
            "codigoEncuesta": null,
            "valorNumero": null,
            "valorTexto": null,
            "valorFecha": null,
            "valorBooleano": false,
            "preguntaLista": [
              
            ]
          }
        ]
      },
      {
        "id": 1001,
        "padre": null,
        "texto": "2.Número total de personal administrativo que trabaja el ES:",
        "ayuda": null,
        "prefijo": null,
        "subfijo": null,
        "validacion": null,
        "orden": 2,
        "codigoTipoPregunta": null,
        "etiquetaTipoPregunta": null,
        "codigoRespuesta": null,
        "codigoEncuesta": null,
        "valorNumero": 100,
        "valorTexto": null,
        "valorFecha": null,
        "valorBooleano": null,
        "preguntaLista": [
          {
            "id": 2004,
            "padre": 1001,
            "texto": "Número total de personal de salud que trabaja el ES:",
            "ayuda": null,
            "prefijo": null,
            "subfijo": null,
            "validacion": null,
            "orden": 1,
            "codigoTipoPregunta": null,
            "etiquetaTipoPregunta": null,
            "codigoRespuesta": null,
            "codigoEncuesta": null,
            "valorNumero": 120,
            "valorTexto": null,
            "valorFecha": null,
            "valorBooleano": null,
            "preguntaLista": [
            ]
          },
          {
            "id": 2005,
            "padre": 1001,
            "texto": "Número total de camas en el ES:",
            "ayuda": null,
            "prefijo": null,
            "subfijo": null,
            "validacion": null,
            "orden": 2,
            "codigoTipoPregunta": null,
            "etiquetaTipoPregunta": null,
            "codigoRespuesta": null,
            "codigoEncuesta": null,
            "valorNumero": 450,
            "valorTexto": null,
            "valorFecha": null,
            "valorBooleano": null,
            "preguntaLista": [
              
            ]
          },
          {
            "id": 2006,
            "padre": 1001,
            "texto": "Número de camas para gineco-obstetricia:",
            "ayuda": null,
            "prefijo": null,
            "subfijo": null,
            "validacion": null,
            "orden": 3,
            "codigoTipoPregunta": null,
            "etiquetaTipoPregunta": null,
            "codigoRespuesta": null,
            "codigoEncuesta": null,
            "valorNumero": 150,
            "valorTexto": null,
            "valorFecha": null,
            "valorBooleano": null,
            "preguntaLista": [
              
            ]
          },
          {
            "id": 2038,
            "padre": 1001,
            "texto": "Número de puestos de recuperación post parto inmediato:",
            "ayuda": null,
            "prefijo": null,
            "subfijo": null,
            "validacion": null,
            "orden": 4,
            "codigoTipoPregunta": null,
            "etiquetaTipoPregunta": null,
            "codigoRespuesta": null,
            "codigoEncuesta": null,
            "valorNumero": 50,
            "valorTexto": null,
            "valorFecha": null,
            "valorBooleano": null,
            "preguntaLista": [
            ]
          },
          {
            "id": 2039,
            "padre": 1001,
            "texto": "Número de camillas de recuperación:",
            "ayuda": null,
            "prefijo": null,
            "subfijo": null,
            "validacion": null,
            "orden": 5,
            "codigoTipoPregunta": null,
            "etiquetaTipoPregunta": null,
            "codigoRespuesta": null,
            "codigoEncuesta": null,
            "valorNumero": 600,
            "valorTexto": null,
            "valorFecha": null,
            "valorBooleano": null,
            "preguntaLista": [
              
            ]
          },
          {
            "id": 2040,
            "padre": 1001,
            "texto": "Número de Unidades de Trabajo de Parto y Recuperación (UTPR):",
            "ayuda": null,
            "prefijo": null,
            "subfijo": null,
            "validacion": null,
            "orden": 6,
            "codigoTipoPregunta": null,
            "etiquetaTipoPregunta": null,
            "codigoRespuesta": null,
            "codigoEncuesta": null,
            "valorNumero": 60,
            "valorTexto": null,
            "valorFecha": null,
            "valorBooleano": null,
            "preguntaLista": [
              
            ]
          },
          {
            "id": 2041,
            "padre": 1001,
            "texto": "Número de salas de parto:",
            "ayuda": null,
            "prefijo": null,
            "subfijo": null,
            "validacion": null,
            "orden": 7,
            "codigoTipoPregunta": null,
            "etiquetaTipoPregunta": null,
            "codigoRespuesta": null,
            "codigoEncuesta": null,
            "valorNumero": 20,
            "valorTexto": null,
            "valorFecha": null,
            "valorBooleano": null,
            "preguntaLista": [
              
            ]
          },
          {
            "id": 2042,
            "padre": 1001,
            "texto": " Número de quirófanos destinados a cesáreas:",
            "ayuda": null,
            "prefijo": null,
            "subfijo": null,
            "validacion": null,
            "orden": 8,
            "codigoTipoPregunta": null,
            "etiquetaTipoPregunta": null,
            "codigoRespuesta": null,
            "codigoEncuesta": null,
            "valorNumero": 4,
            "valorTexto": null,
            "valorFecha": null,
            "valorBooleano": null,
            "preguntaLista": [
              
            ]
          }
        ]
      },
      {
        "id": 1002,
        "padre": null,
        "texto": "3.Nombre y apellido del responsable del internación ginecoobstétrica, centro obstétrico o sala de parto:",
        "ayuda": null,
        "prefijo": null,
        "subfijo": null,
        "validacion": null,
        "orden": 3,
        "codigoTipoPregunta": null,
        "etiquetaTipoPregunta": null,
        "codigoRespuesta": null,
        "codigoEncuesta": null,
        "valorNumero": 50,
        "valorTexto": "Maria Virginia Perez Bermudez",
        "valorFecha": null,
        "valorBooleano": null,
        "preguntaLista": [
          {
            "id": 2007,
            "padre": 1002,
            "texto":"Título profesional:",
            "ayuda": null,
            "prefijo": null,
            "subfijo": null,
            "validacion": null,
            "orden": 1,
            "codigoTipoPregunta": null,
            "etiquetaTipoPregunta": null,
            "codigoRespuesta": null,
            "codigoEncuesta": null,
            "valorNumero": 500,
            "valorTexto": "Especialista en ginecologia",
            "valorFecha": null,
            "valorBooleano": null,
            "preguntaLista": [
            ]
          },
          {
            "id": 2008,
            "padre": 1002,
            "texto": "Teléfono y/o extensión:",
            "ayuda": null,
            "prefijo": null,
            "subfijo": null,
            "validacion": null,
            "orden": 2,
            "codigoTipoPregunta": null,
            "etiquetaTipoPregunta": null,
            "codigoRespuesta": null,
            "codigoEncuesta": null,
            "valorNumero": null,
            "valorTexto": "51484354854",
            "valorFecha": null,
            "valorBooleano": null,
            "preguntaLista": [
              
            ]
          },
          {
            "id": 2009,
            "padre": 1002,
            "texto": "Correo electrónico:",
            "ayuda": null,
            "prefijo": null,
            "subfijo": null,
            "validacion": null,
            "orden": 3,
            "codigoTipoPregunta": null,
            "etiquetaTipoPregunta": null,
            "codigoRespuesta": null,
            "codigoEncuesta": null,
            "valorNumero": null,
            "valorTexto": "mariaGinecologa@gmail.com",
            "valorFecha": null,
            "valorBooleano": null,
            "preguntaLista": [
              
            ]
          }
        ]
      },
      {
        "id": 1003,
        "padre": null,
        "texto": "4. ¿Tiene el establecimiento servicio de neonatología?",
        "ayuda": null,
        "prefijo": null,
        "subfijo": null,
        "validacion": null,
        "orden": 4,
        "codigoTipoPregunta": null,
        "etiquetaTipoPregunta": null,
        "codigoRespuesta": null,
        "codigoEncuesta": null,
        "valorNumero": null,
        "valorTexto": null,
        "valorFecha": null,
        "valorBooleano": true,
        "preguntaLista": [
          {
            "id": 2010,
            "padre": 1003,
            "texto": "Promedio de ingreso diario:",
            "ayuda": null,
            "prefijo": null,
            "subfijo": null,
            "validacion": null,
            "orden": 1,
            "codigoTipoPregunta": null,
            "etiquetaTipoPregunta": null,
            "codigoRespuesta": null,
            "codigoEncuesta": null,
            "valorNumero": 15,
            "valorTexto": null,
            "valorFecha": null,
            "valorBooleano": null,
            "preguntaLista": [
            ]
          },
          {
            "id": 2011,
            "padre": 1003,
            "texto": "Número de cunas/camas totales para el servicio:",
            "ayuda": null,
            "prefijo": null,
            "subfijo": null,
            "validacion": null,
            "orden": 2,
            "codigoTipoPregunta": null,
            "etiquetaTipoPregunta": null,
            "codigoRespuesta": null,
            "codigoEncuesta": null,
            "valorNumero": 10,
            "valorTexto": null,
            "valorFecha": null,
            "valorBooleano": null,
            "preguntaLista": [
              
            ]
          },
          {
            "id": 2012,
            "padre": 1003,
            "texto": "Nombre del jefe o responsable del servicio:",
            "ayuda": null,
            "prefijo": null,
            "subfijo": null,
            "validacion": null,
            "orden": 3,
            "codigoTipoPregunta": null,
            "etiquetaTipoPregunta": null,
            "codigoRespuesta": null,
            "codigoEncuesta": null,
            "valorNumero": null,
            "valorTexto": "Juan Miguel Perez Ruiz",
            "valorFecha": null,
            "valorBooleano": null,
            "preguntaLista": [
              
            ]
          },
          {
            "id": 2043,
            "padre": 1003,
            "texto": "Inmediatos",
            "ayuda": null,
            "prefijo": null,
            "subfijo": null,
            "validacion": null,
            "orden": 4,
            "codigoTipoPregunta": null,
            "etiquetaTipoPregunta": null,
            "codigoRespuesta": null,
            "codigoEncuesta": null,
            "valorNumero": 10,
            "valorTexto": null,
            "valorFecha": null,
            "valorBooleano": true,
            "preguntaLista": [
              
            ]
          },
          {
            "id": 2044,
            "padre": 1003,
            "texto": "Básicos",
            "ayuda": null,
            "prefijo": null,
            "subfijo": null,
            "validacion": null,
            "orden": 5,
            "codigoTipoPregunta": null,
            "etiquetaTipoPregunta": null,
            "codigoRespuesta": null,
            "codigoEncuesta": null,
            "valorNumero": null,
            "valorTexto": null,
            "valorFecha": null,
            "valorBooleano": false,
            "preguntaLista": [
              
            ]
          },
          {
            "id": 2045,
            "padre": 1003,
            "texto": "ntermedios",
            "ayuda": null,
            "prefijo": null,
            "subfijo": null,
            "validacion": null,
            "orden": 6,
            "codigoTipoPregunta": null,
            "etiquetaTipoPregunta": null,
            "codigoRespuesta": null,
            "codigoEncuesta": null,
            "valorNumero": 15,
            "valorTexto": null,
            "valorFecha": null,
            "valorBooleano": true,
            "preguntaLista": [
              
            ]
          },
          {
            "id": 2046,
            "padre": 1003,
            "texto": "Intensivos",
            "ayuda": null,
            "prefijo": null,
            "subfijo": null,
            "validacion": null,
            "orden": 7,
            "codigoTipoPregunta": null,
            "etiquetaTipoPregunta": null,
            "codigoRespuesta": null,
            "codigoEncuesta": null,
            "valorNumero": null,
            "valorTexto": null,
            "valorFecha": null,
            "valorBooleano": false,
            "preguntaLista": [
              
            ]
          }
        ]
      },
      {
        "id": 1004,
        "padre": null,
        "texto": "5.El siguiente personal, cuántas personas tienen la responsabilidad directa para atender a madres con temas de:",
        "ayuda": null,
        "prefijo": null,
        "subfijo": null,
        "validacion": null,
        "orden": 5,
        "codigoTipoPregunta": null,
        "etiquetaTipoPregunta": null,
        "codigoRespuesta": null,
        "codigoEncuesta": null,
        "valorNumero": null,
        "valorTexto": null,
        "valorFecha": null,
        "valorBooleano": null,
        "preguntaLista": [
          {
            "id": 2013,
            "padre": 1004,
            "texto": "Enfermera/o",
            "ayuda": null,
            "prefijo": null,
            "subfijo": null,
            "validacion": null,
            "orden": 1,
            "codigoTipoPregunta": null,
            "etiquetaTipoPregunta": null,
            "codigoRespuesta": null,
            "codigoEncuesta": null,
            "valorNumero": null,
            "valorTexto": null,
            "valorFecha": null,
            "valorBooleano": null,
            "preguntaLista": [
                {
                    "id": 2047,
                    "padre": 2013,
                    "texto": "LM",
                    "ayuda": null,
                    "prefijo": null,
                    "subfijo": null,
                    "validacion": null,
                    "orden": 1,
                    "codigoTipoPregunta": null,
                    "etiquetaTipoPregunta": null,
                    "codigoRespuesta": null,
                    "codigoEncuesta": null,
                    "valorNumero": null,
                    "valorTexto": "NO",
                    "valorFecha": null,
                    "valorBooleano": null,
                    "preguntaLista": [

                    ]
                },
                {
                    "id": 2048,
                    "padre": 2013,
                    "texto": "SLM",
                    "ayuda": null,
                    "prefijo": null,
                    "subfijo": null,
                    "validacion": null,
                    "orden": 2,
                    "codigoTipoPregunta": null,
                    "etiquetaTipoPregunta": null,
                    "codigoRespuesta": null,
                    "codigoEncuesta": null,
                    "valorNumero": null,
                    "valorTexto": "SI",
                    "valorFecha": null,
                    "valorBooleano": null,
                    "preguntaLista": [

                    ]
                },
                {
                    "id": 2049,
                    "padre": 2013,
                    "texto": "VIH",
                    "ayuda": null,
                    "prefijo": null,
                    "subfijo": null,
                    "validacion": null,
                    "orden": 3,
                    "codigoTipoPregunta": null,
                    "etiquetaTipoPregunta": null,
                    "codigoRespuesta": null,
                    "codigoEncuesta": null,
                    "valorNumero": null,
                    "valorTexto": "NO",
                    "valorFecha": null,
                    "valorBooleano": null,
                    "preguntaLista": [

                    ]
                },
                {
                    "id": 2050,
                    "padre": 2013,
                    "texto": "EP",
                    "ayuda": null,
                    "prefijo": null,
                    "subfijo": null,
                    "validacion": null,
                    "orden": 4,
                    "codigoTipoPregunta": null,
                    "etiquetaTipoPregunta": null,
                    "codigoRespuesta": null,
                    "codigoEncuesta": null,
                    "valorNumero": null,
                    "valorTexto": "SI",
                    "valorFecha": null,
                    "valorBooleano": null,
                    "preguntaLista": [

                    ]
                }
            ]
          },
          {
            "id": 2013,
            "padre": 1004,
            "texto": "Especialista en ginecoobstetricia",
            "ayuda": null,
            "prefijo": null,
            "subfijo": null,
            "validacion": null,
            "orden": 2,
            "codigoTipoPregunta": null,
            "etiquetaTipoPregunta": null,
            "codigoRespuesta": null,
            "codigoEncuesta": null,
            "valorNumero": null,
            "valorTexto": null,
            "valorFecha": null,
            "valorBooleano": null,
            "preguntaLista": [
                {
                    "id": 2047,
                    "padre": 2013,
                    "texto": "LM",
                    "ayuda": null,
                    "prefijo": null,
                    "subfijo": null,
                    "validacion": null,
                    "orden": 1,
                    "codigoTipoPregunta": null,
                    "etiquetaTipoPregunta": null,
                    "codigoRespuesta": null,
                    "codigoEncuesta": null,
                    "valorNumero": null,
                    "valorTexto": "NO",
                    "valorFecha": null,
                    "valorBooleano": null,
                    "preguntaLista": [

                    ]
                },
                {
                    "id": 2048,
                    "padre": 2013,
                    "texto": "SLM",
                    "ayuda": null,
                    "prefijo": null,
                    "subfijo": null,
                    "validacion": null,
                    "orden": 2,
                    "codigoTipoPregunta": null,
                    "etiquetaTipoPregunta": null,
                    "codigoRespuesta": null,
                    "codigoEncuesta": null,
                    "valorNumero": null,
                    "valorTexto": "SI",
                    "valorFecha": null,
                    "valorBooleano": null,
                    "preguntaLista": [

                    ]
                },
                {
                    "id": 2049,
                    "padre": 2013,
                    "texto": "VIH",
                    "ayuda": null,
                    "prefijo": null,
                    "subfijo": null,
                    "validacion": null,
                    "orden": 3,
                    "codigoTipoPregunta": null,
                    "etiquetaTipoPregunta": null,
                    "codigoRespuesta": null,
                    "codigoEncuesta": null,
                    "valorNumero": null,
                    "valorTexto": "NO",
                    "valorFecha": null,
                    "valorBooleano": null,
                    "preguntaLista": [

                    ]
                },
                {
                    "id": 2050,
                    "padre": 2013,
                    "texto": "EP",
                    "ayuda": null,
                    "prefijo": null,
                    "subfijo": null,
                    "validacion": null,
                    "orden": 4,
                    "codigoTipoPregunta": null,
                    "etiquetaTipoPregunta": null,
                    "codigoRespuesta": null,
                    "codigoEncuesta": null,
                    "valorNumero": null,
                    "valorTexto": "SI",
                    "valorFecha": null,
                    "valorBooleano": null,
                    "preguntaLista": [

                    ]
                }
            ]
          },
          {
            "id": 2013,
            "padre": 1004,
            "texto": "Obstetras - obstetrices",
            "ayuda": null,
            "prefijo": null,
            "subfijo": null,
            "validacion": null,
            "orden": 3,
            "codigoTipoPregunta": null,
            "etiquetaTipoPregunta": null,
            "codigoRespuesta": null,
            "codigoEncuesta": null,
            "valorNumero": null,
            "valorTexto": null,
            "valorFecha": null,
            "valorBooleano": null,
            "preguntaLista": [
                {
                    "id": 2047,
                    "padre": 2013,
                    "texto": "LM",
                    "ayuda": null,
                    "prefijo": null,
                    "subfijo": null,
                    "validacion": null,
                    "orden": 1,
                    "codigoTipoPregunta": null,
                    "etiquetaTipoPregunta": null,
                    "codigoRespuesta": null,
                    "codigoEncuesta": null,
                    "valorNumero": null,
                    "valorTexto": "NO",
                    "valorFecha": null,
                    "valorBooleano": null,
                    "preguntaLista": [

                    ]
                },
                {
                    "id": 2048,
                    "padre": 2013,
                    "texto": "SLM",
                    "ayuda": null,
                    "prefijo": null,
                    "subfijo": null,
                    "validacion": null,
                    "orden": 2,
                    "codigoTipoPregunta": null,
                    "etiquetaTipoPregunta": null,
                    "codigoRespuesta": null,
                    "codigoEncuesta": null,
                    "valorNumero": null,
                    "valorTexto": "SI",
                    "valorFecha": null,
                    "valorBooleano": null,
                    "preguntaLista": [

                    ]
                },
                {
                    "id": 2049,
                    "padre": 2013,
                    "texto": "VIH",
                    "ayuda": null,
                    "prefijo": null,
                    "subfijo": null,
                    "validacion": null,
                    "orden": 3,
                    "codigoTipoPregunta": null,
                    "etiquetaTipoPregunta": null,
                    "codigoRespuesta": null,
                    "codigoEncuesta": null,
                    "valorNumero": null,
                    "valorTexto": "NO",
                    "valorFecha": null,
                    "valorBooleano": null,
                    "preguntaLista": [

                    ]
                },
                {
                    "id": 2050,
                    "padre": 2013,
                    "texto": "EP",
                    "ayuda": null,
                    "prefijo": null,
                    "subfijo": null,
                    "validacion": null,
                    "orden": 4,
                    "codigoTipoPregunta": null,
                    "etiquetaTipoPregunta": null,
                    "codigoRespuesta": null,
                    "codigoEncuesta": null,
                    "valorNumero": null,
                    "valorTexto": "SI",
                    "valorFecha": null,
                    "valorBooleano": null,
                    "preguntaLista": [

                    ]
                }
            ]
          },
          {
            "id": 2013,
            "padre": 1004,
            "texto": "Pediatra / Neonatólogo",
            "ayuda": null,
            "prefijo": null,
            "subfijo": null,
            "validacion": null,
            "orden": 4,
            "codigoTipoPregunta": null,
            "etiquetaTipoPregunta": null,
            "codigoRespuesta": null,
            "codigoEncuesta": null,
            "valorNumero": null,
            "valorTexto": null,
            "valorFecha": null,
            "valorBooleano": null,
            "preguntaLista": [
                {
                    "id": 2047,
                    "padre": 2013,
                    "texto": "LM",
                    "ayuda": null,
                    "prefijo": null,
                    "subfijo": null,
                    "validacion": null,
                    "orden": 1,
                    "codigoTipoPregunta": null,
                    "etiquetaTipoPregunta": null,
                    "codigoRespuesta": null,
                    "codigoEncuesta": null,
                    "valorNumero": null,
                    "valorTexto": "NO",
                    "valorFecha": null,
                    "valorBooleano": null,
                    "preguntaLista": [

                    ]
                },
                {
                    "id": 2048,
                    "padre": 2013,
                    "texto": "SLM",
                    "ayuda": null,
                    "prefijo": null,
                    "subfijo": null,
                    "validacion": null,
                    "orden": 2,
                    "codigoTipoPregunta": null,
                    "etiquetaTipoPregunta": null,
                    "codigoRespuesta": null,
                    "codigoEncuesta": null,
                    "valorNumero": null,
                    "valorTexto": "SI",
                    "valorFecha": null,
                    "valorBooleano": null,
                    "preguntaLista": [

                    ]
                },
                {
                    "id": 2049,
                    "padre": 2013,
                    "texto": "VIH",
                    "ayuda": null,
                    "prefijo": null,
                    "subfijo": null,
                    "validacion": null,
                    "orden": 3,
                    "codigoTipoPregunta": null,
                    "etiquetaTipoPregunta": null,
                    "codigoRespuesta": null,
                    "codigoEncuesta": null,
                    "valorNumero": null,
                    "valorTexto": "NO",
                    "valorFecha": null,
                    "valorBooleano": null,
                    "preguntaLista": [

                    ]
                },
                {
                    "id": 2050,
                    "padre": 2013,
                    "texto": "EP",
                    "ayuda": null,
                    "prefijo": null,
                    "subfijo": null,
                    "validacion": null,
                    "orden": 4,
                    "codigoTipoPregunta": null,
                    "etiquetaTipoPregunta": null,
                    "codigoRespuesta": null,
                    "codigoEncuesta": null,
                    "valorNumero": null,
                    "valorTexto": "SI",
                    "valorFecha": null,
                    "valorBooleano": null,
                    "preguntaLista": [

                    ]
                }
            ]
          },
          {
            "id": 2013,
            "padre": 1004,
            "texto": "Dietistas o nutricionistas",
            "ayuda": null,
            "prefijo": null,
            "subfijo": null,
            "validacion": null,
            "orden": 5,
            "codigoTipoPregunta": null,
            "etiquetaTipoPregunta": null,
            "codigoRespuesta": null,
            "codigoEncuesta": null,
            "valorNumero": null,
            "valorTexto": null,
            "valorFecha": null,
            "valorBooleano": null,
            "preguntaLista": [
                {
                    "id": 2047,
                    "padre": 2013,
                    "texto": "LM",
                    "ayuda": null,
                    "prefijo": null,
                    "subfijo": null,
                    "validacion": null,
                    "orden": 1,
                    "codigoTipoPregunta": null,
                    "etiquetaTipoPregunta": null,
                    "codigoRespuesta": null,
                    "codigoEncuesta": null,
                    "valorNumero": null,
                    "valorTexto": "NO",
                    "valorFecha": null,
                    "valorBooleano": null,
                    "preguntaLista": [

                    ]
                },
                {
                    "id": 2048,
                    "padre": 2013,
                    "texto": "SLM",
                    "ayuda": null,
                    "prefijo": null,
                    "subfijo": null,
                    "validacion": null,
                    "orden": 2,
                    "codigoTipoPregunta": null,
                    "etiquetaTipoPregunta": null,
                    "codigoRespuesta": null,
                    "codigoEncuesta": null,
                    "valorNumero": null,
                    "valorTexto": "SI",
                    "valorFecha": null,
                    "valorBooleano": null,
                    "preguntaLista": [

                    ]
                },
                {
                    "id": 2049,
                    "padre": 2013,
                    "texto": "VIH",
                    "ayuda": null,
                    "prefijo": null,
                    "subfijo": null,
                    "validacion": null,
                    "orden": 3,
                    "codigoTipoPregunta": null,
                    "etiquetaTipoPregunta": null,
                    "codigoRespuesta": null,
                    "codigoEncuesta": null,
                    "valorNumero": null,
                    "valorTexto": "NO",
                    "valorFecha": null,
                    "valorBooleano": null,
                    "preguntaLista": [

                    ]
                },
                {
                    "id": 2050,
                    "padre": 2013,
                    "texto": "EP",
                    "ayuda": null,
                    "prefijo": null,
                    "subfijo": null,
                    "validacion": null,
                    "orden": 4,
                    "codigoTipoPregunta": null,
                    "etiquetaTipoPregunta": null,
                    "codigoRespuesta": null,
                    "codigoEncuesta": null,
                    "valorNumero": null,
                    "valorTexto": "SI",
                    "valorFecha": null,
                    "valorBooleano": null,
                    "preguntaLista": [

                    ]
                }
            ]
          },
          {
            "id": 2013,
            "padre": 1004,
            "texto": "Médicos generales",
            "ayuda": null,
            "prefijo": null,
            "subfijo": null,
            "validacion": null,
            "orden": 6,
            "codigoTipoPregunta": null,
            "etiquetaTipoPregunta": null,
            "codigoRespuesta": null,
            "codigoEncuesta": null,
            "valorNumero": null,
            "valorTexto": null,
            "valorFecha": null,
            "valorBooleano": null,
            "preguntaLista": [
                {
                    "id": 2047,
                    "padre": 2013,
                    "texto": "LM",
                    "ayuda": null,
                    "prefijo": null,
                    "subfijo": null,
                    "validacion": null,
                    "orden": 1,
                    "codigoTipoPregunta": null,
                    "etiquetaTipoPregunta": null,
                    "codigoRespuesta": null,
                    "codigoEncuesta": null,
                    "valorNumero": null,
                    "valorTexto": "NO",
                    "valorFecha": null,
                    "valorBooleano": null,
                    "preguntaLista": [

                    ]
                },
                {
                    "id": 2048,
                    "padre": 2013,
                    "texto": "SLM",
                    "ayuda": null,
                    "prefijo": null,
                    "subfijo": null,
                    "validacion": null,
                    "orden": 2,
                    "codigoTipoPregunta": null,
                    "etiquetaTipoPregunta": null,
                    "codigoRespuesta": null,
                    "codigoEncuesta": null,
                    "valorNumero": null,
                    "valorTexto": "SI",
                    "valorFecha": null,
                    "valorBooleano": null,
                    "preguntaLista": [

                    ]
                },
                {
                    "id": 2049,
                    "padre": 2013,
                    "texto": "VIH",
                    "ayuda": null,
                    "prefijo": null,
                    "subfijo": null,
                    "validacion": null,
                    "orden": 3,
                    "codigoTipoPregunta": null,
                    "etiquetaTipoPregunta": null,
                    "codigoRespuesta": null,
                    "codigoEncuesta": null,
                    "valorNumero": null,
                    "valorTexto": "NO",
                    "valorFecha": null,
                    "valorBooleano": null,
                    "preguntaLista": [

                    ]
                },
                {
                    "id": 2050,
                    "padre": 2013,
                    "texto": "EP",
                    "ayuda": null,
                    "prefijo": null,
                    "subfijo": null,
                    "validacion": null,
                    "orden": 4,
                    "codigoTipoPregunta": null,
                    "etiquetaTipoPregunta": null,
                    "codigoRespuesta": null,
                    "codigoEncuesta": null,
                    "valorNumero": null,
                    "valorTexto": "SI",
                    "valorFecha": null,
                    "valorBooleano": null,
                    "preguntaLista": [

                    ]
                }
            ]
          },
          {
            "id": 2013,
            "padre": 1004,
            "texto": "Auxiliares enfermería",
            "ayuda": null,
            "prefijo": null,
            "subfijo": null,
            "validacion": null,
            "orden": 7,
            "codigoTipoPregunta": null,
            "etiquetaTipoPregunta": null,
            "codigoRespuesta": null,
            "codigoEncuesta": null,
            "valorNumero": null,
            "valorTexto": null,
            "valorFecha": null,
            "valorBooleano": null,
            "preguntaLista": [
                {
                    "id": 2047,
                    "padre": 2013,
                    "texto": "LM",
                    "ayuda": null,
                    "prefijo": null,
                    "subfijo": null,
                    "validacion": null,
                    "orden": 1,
                    "codigoTipoPregunta": null,
                    "etiquetaTipoPregunta": null,
                    "codigoRespuesta": null,
                    "codigoEncuesta": null,
                    "valorNumero": null,
                    "valorTexto": "NO",
                    "valorFecha": null,
                    "valorBooleano": null,
                    "preguntaLista": [

                    ]
                },
                {
                    "id": 2048,
                    "padre": 2013,
                    "texto": "SLM",
                    "ayuda": null,
                    "prefijo": null,
                    "subfijo": null,
                    "validacion": null,
                    "orden": 2,
                    "codigoTipoPregunta": null,
                    "etiquetaTipoPregunta": null,
                    "codigoRespuesta": null,
                    "codigoEncuesta": null,
                    "valorNumero": null,
                    "valorTexto": "SI",
                    "valorFecha": null,
                    "valorBooleano": null,
                    "preguntaLista": [

                    ]
                },
                {
                    "id": 2049,
                    "padre": 2013,
                    "texto": "VIH",
                    "ayuda": null,
                    "prefijo": null,
                    "subfijo": null,
                    "validacion": null,
                    "orden": 3,
                    "codigoTipoPregunta": null,
                    "etiquetaTipoPregunta": null,
                    "codigoRespuesta": null,
                    "codigoEncuesta": null,
                    "valorNumero": null,
                    "valorTexto": "NO",
                    "valorFecha": null,
                    "valorBooleano": null,
                    "preguntaLista": [

                    ]
                },
                {
                    "id": 2050,
                    "padre": 2013,
                    "texto": "EP",
                    "ayuda": null,
                    "prefijo": null,
                    "subfijo": null,
                    "validacion": null,
                    "orden": 4,
                    "codigoTipoPregunta": null,
                    "etiquetaTipoPregunta": null,
                    "codigoRespuesta": null,
                    "codigoEncuesta": null,
                    "valorNumero": null,
                    "valorTexto": "SI",
                    "valorFecha": null,
                    "valorBooleano": null,
                    "preguntaLista": [

                    ]
                }
            ]
          },
          {
            "id": 2013,
            "padre": 1004,
            "texto": "Otro personal",
            "ayuda": null,
            "prefijo": null,
            "subfijo": null,
            "validacion": null,
            "orden": 8,
            "codigoTipoPregunta": null,
            "etiquetaTipoPregunta": null,
            "codigoRespuesta": null,
            "codigoEncuesta": null,
            "valorNumero": null,
            "valorTexto": null,
            "valorFecha": null,
            "valorBooleano": null,
            "preguntaLista": [
                {
                    "id": 2047,
                    "padre": 2013,
                    "texto": "LM",
                    "ayuda": null,
                    "prefijo": null,
                    "subfijo": null,
                    "validacion": null,
                    "orden": 1,
                    "codigoTipoPregunta": null,
                    "etiquetaTipoPregunta": null,
                    "codigoRespuesta": null,
                    "codigoEncuesta": null,
                    "valorNumero": null,
                    "valorTexto": "NO",
                    "valorFecha": null,
                    "valorBooleano": null,
                    "preguntaLista": [

                    ]
                },
                {
                    "id": 2048,
                    "padre": 2013,
                    "texto": "SLM",
                    "ayuda": null,
                    "prefijo": null,
                    "subfijo": null,
                    "validacion": null,
                    "orden": 2,
                    "codigoTipoPregunta": null,
                    "etiquetaTipoPregunta": null,
                    "codigoRespuesta": null,
                    "codigoEncuesta": null,
                    "valorNumero": null,
                    "valorTexto": "SI",
                    "valorFecha": null,
                    "valorBooleano": null,
                    "preguntaLista": [

                    ]
                },
                {
                    "id": 2049,
                    "padre": 2013,
                    "texto": "VIH",
                    "ayuda": null,
                    "prefijo": null,
                    "subfijo": null,
                    "validacion": null,
                    "orden": 3,
                    "codigoTipoPregunta": null,
                    "etiquetaTipoPregunta": null,
                    "codigoRespuesta": null,
                    "codigoEncuesta": null,
                    "valorNumero": null,
                    "valorTexto": "NO",
                    "valorFecha": null,
                    "valorBooleano": null,
                    "preguntaLista": [

                    ]
                },
                {
                    "id": 2050,
                    "padre": 2013,
                    "texto": "EP",
                    "ayuda": null,
                    "prefijo": null,
                    "subfijo": null,
                    "validacion": null,
                    "orden": 4,
                    "codigoTipoPregunta": null,
                    "etiquetaTipoPregunta": null,
                    "codigoRespuesta": null,
                    "codigoEncuesta": null,
                    "valorNumero": null,
                    "valorTexto": "SI",
                    "valorFecha": null,
                    "valorBooleano": null,
                    "preguntaLista": [

                    ]
                }
            ]
          },
          {
            "id": 2013,
            "padre": 1004,
            "texto": "Otro personal",
            "ayuda": null,
            "prefijo": null,
            "subfijo": null,
            "validacion": null,
            "orden": 9,
            "codigoTipoPregunta": null,
            "etiquetaTipoPregunta": null,
            "codigoRespuesta": null,
            "codigoEncuesta": null,
            "valorNumero": null,
            "valorTexto": null,
            "valorFecha": null,
            "valorBooleano": null,
            "preguntaLista": [
                {
                    "id": 2047,
                    "padre": 2013,
                    "texto": "LM",
                    "ayuda": null,
                    "prefijo": null,
                    "subfijo": null,
                    "validacion": null,
                    "orden": 1,
                    "codigoTipoPregunta": null,
                    "etiquetaTipoPregunta": null,
                    "codigoRespuesta": null,
                    "codigoEncuesta": null,
                    "valorNumero": null,
                    "valorTexto": "NO",
                    "valorFecha": null,
                    "valorBooleano": null,
                    "preguntaLista": [

                    ]
                },
                {
                    "id": 2048,
                    "padre": 2013,
                    "texto": "SLM",
                    "ayuda": null,
                    "prefijo": null,
                    "subfijo": null,
                    "validacion": null,
                    "orden": 2,
                    "codigoTipoPregunta": null,
                    "etiquetaTipoPregunta": null,
                    "codigoRespuesta": null,
                    "codigoEncuesta": null,
                    "valorNumero": null,
                    "valorTexto": "SI",
                    "valorFecha": null,
                    "valorBooleano": null,
                    "preguntaLista": [

                    ]
                },
                {
                    "id": 2049,
                    "padre": 2013,
                    "texto": "VIH",
                    "ayuda": null,
                    "prefijo": null,
                    "subfijo": null,
                    "validacion": null,
                    "orden": 3,
                    "codigoTipoPregunta": null,
                    "etiquetaTipoPregunta": null,
                    "codigoRespuesta": null,
                    "codigoEncuesta": null,
                    "valorNumero": null,
                    "valorTexto": "NO",
                    "valorFecha": null,
                    "valorBooleano": null,
                    "preguntaLista": [

                    ]
                },
                {
                    "id": 2050,
                    "padre": 2013,
                    "texto": "EP",
                    "ayuda": null,
                    "prefijo": null,
                    "subfijo": null,
                    "validacion": null,
                    "orden": 4,
                    "codigoTipoPregunta": null,
                    "etiquetaTipoPregunta": null,
                    "codigoRespuesta": null,
                    "codigoEncuesta": null,
                    "valorNumero": null,
                    "valorTexto": "SI",
                    "valorFecha": null,
                    "valorBooleano": null,
                    "preguntaLista": [

                    ]
                }
            ]
          },
         {
            "id": 2013,
            "padre": 1004,
            "texto": "Otro personal",
            "ayuda": null,
            "prefijo": null,
            "subfijo": null,
            "validacion": null,
            "orden": 10,
            "codigoTipoPregunta": null,
            "etiquetaTipoPregunta": null,
            "codigoRespuesta": null,
            "codigoEncuesta": null,
            "valorNumero": null,
            "valorTexto": null,
            "valorFecha": null,
            "valorBooleano": null,
            "preguntaLista": [
                {
                    "id": 2047,
                    "padre": 2013,
                    "texto": "LM",
                    "ayuda": null,
                    "prefijo": null,
                    "subfijo": null,
                    "validacion": null,
                    "orden": 1,
                    "codigoTipoPregunta": null,
                    "etiquetaTipoPregunta": null,
                    "codigoRespuesta": null,
                    "codigoEncuesta": null,
                    "valorNumero": null,
                    "valorTexto": "NO",
                    "valorFecha": null,
                    "valorBooleano": null,
                    "preguntaLista": [

                    ]
                },
                {
                    "id": 2048,
                    "padre": 2013,
                    "texto": "SLM",
                    "ayuda": null,
                    "prefijo": null,
                    "subfijo": null,
                    "validacion": null,
                    "orden": 2,
                    "codigoTipoPregunta": null,
                    "etiquetaTipoPregunta": null,
                    "codigoRespuesta": null,
                    "codigoEncuesta": null,
                    "valorNumero": null,
                    "valorTexto": "SI",
                    "valorFecha": null,
                    "valorBooleano": null,
                    "preguntaLista": [

                    ]
                },
                {
                    "id": 2049,
                    "padre": 2013,
                    "texto": "VIH",
                    "ayuda": null,
                    "prefijo": null,
                    "subfijo": null,
                    "validacion": null,
                    "orden": 3,
                    "codigoTipoPregunta": null,
                    "etiquetaTipoPregunta": null,
                    "codigoRespuesta": null,
                    "codigoEncuesta": null,
                    "valorNumero": null,
                    "valorTexto": "NO",
                    "valorFecha": null,
                    "valorBooleano": null,
                    "preguntaLista": [

                    ]
                },
                {
                    "id": 2050,
                    "padre": 2013,
                    "texto": "EP",
                    "ayuda": null,
                    "prefijo": null,
                    "subfijo": null,
                    "validacion": null,
                    "orden": 4,
                    "codigoTipoPregunta": null,
                    "etiquetaTipoPregunta": null,
                    "codigoRespuesta": null,
                    "codigoEncuesta": null,
                    "valorNumero": null,
                    "valorTexto": "SI",
                    "valorFecha": null,
                    "valorBooleano": null,
                    "preguntaLista": [

                    ]
                }
            ]
          }
        ]
      },
      {
        "id": 1005,
        "padre": null,
        "texto": "6. ¿Existe un Comité Amigo de la Madre y del Niño o del Hospital Amigo del Niño en el establecimiento de salud?",
        "ayuda": null,
        "prefijo": null,
        "subfijo": null,
        "validacion": null,
        "orden": 6,
        "codigoTipoPregunta": null,
        "etiquetaTipoPregunta": null,
        "codigoRespuesta": null,
        "codigoEncuesta": null,
        "valorNumero": null,
        "valorTexto": null,
        "valorFecha": "02-09-2017",
        "valorBooleano": true,
        "preguntaLista": [
          
        ]
      },
      {
        "id": 1006,
        "padre": null,
        "texto": "7.Estadísticas en nacimientos",
        "ayuda": null,
        "prefijo": null,
        "subfijo": null,
        "validacion": null,
        "orden": 7,
        "codigoTipoPregunta": null,
        "etiquetaTipoPregunta": null,
        "codigoRespuesta": null,
        "codigoEncuesta": null,
        "valorNumero": null,
        "valorTexto": null,
        "valorFecha": null,
        "valorBooleano": null,
        "preguntaLista": [
          {
            "id": 2019,
            "padre": 1006,
            "texto": "Total de nacimientos en el último año: ",
            "ayuda": null,
            "prefijo": null,
            "subfijo": null,
            "validacion": null,
            "orden": 1,
            "codigoTipoPregunta": null,
            "etiquetaTipoPregunta": null,
            "codigoRespuesta": null,
            "codigoEncuesta": null,
            "valorNumero":100,
            "valorTexto": null,
            "valorFecha": null,
            "valorBooleano": null,
            "preguntaLista": [
            ]
          },
          {
            "id": 2020,
            "padre": 1006,
            "texto": "de partos normales",
            "ayuda": null,
            "prefijo": null,
            "subfijo": null,
            "validacion": null,
            "orden": 2,
            "codigoTipoPregunta": null,
            "etiquetaTipoPregunta": null,
            "codigoRespuesta": null,
            "codigoEncuesta": null,
            "valorNumero": 2,
            "valorTexto": null,
            "valorFecha": null,
            "valorBooleano": null,
            "preguntaLista": [
              
            ]
          },
          {
            "id": 2021,
            "padre": 1006,
            "texto": "no litotómicos",
            "ayuda": null,
            "prefijo": null,
            "subfijo": null,
            "validacion": null,
            "orden": 3,
            "codigoTipoPregunta": null,
            "etiquetaTipoPregunta": null,
            "codigoRespuesta": null,
            "codigoEncuesta": null,
            "valorNumero":3,
            "valorTexto": null,
            "valorFecha": null,
            "valorBooleano": null,
            "preguntaLista": [
              
            ]
          },
          {
            "id": 2019,
            "padre": 1006,
            "texto": "de partos por cesárea",
            "ayuda": null,
            "prefijo": null,
            "subfijo": null,
            "validacion": null,
            "orden": 4,
            "codigoTipoPregunta": null,
            "etiquetaTipoPregunta": null,
            "codigoRespuesta": null,
            "codigoEncuesta": null,
            "valorNumero": 4,
            "valorTexto": null,
            "valorFecha": null,
            "valorBooleano": null,
            "preguntaLista": [
            ]
          },
          {
            "id": 2020,
            "padre": 1006,
            "texto": "con anestesia general",
            "ayuda": null,
            "prefijo": null,
            "subfijo": null,
            "validacion": null,
            "orden": 5,
            "codigoTipoPregunta": null,
            "etiquetaTipoPregunta": null,
            "codigoRespuesta": null,
            "codigoEncuesta": null,
            "valorNumero":5,
            "valorTexto": null,
            "valorFecha": null,
            "valorBooleano": null,
            "preguntaLista": [
              
            ]
          },
          {
            "id": 2021,
            "padre": 1006,
            "texto": "de nacidos vivos totales",
            "ayuda": null,
            "prefijo": null,
            "subfijo": null,
            "validacion": null,
            "orden": 6,
            "codigoTipoPregunta": null,
            "etiquetaTipoPregunta": null,
            "codigoRespuesta": null,
            "codigoEncuesta": null,
            "valorNumero": 6,
            "valorTexto": null,
            "valorFecha": null,
            "valorBooleano": null,
            "preguntaLista": [
              
            ]
          },
          {
            "id": 2019,
            "padre": 1006,
            "texto": "de neonatos ingresados en el servicio de neonatología ",
            "ayuda": null,
            "prefijo": null,
            "subfijo": null,
            "validacion": null,
            "orden": 7,
            "codigoTipoPregunta": null,
            "etiquetaTipoPregunta": null,
            "codigoRespuesta": null,
            "codigoEncuesta": null,
            "valorNumero": 7,
            "valorTexto": null,
            "valorFecha": null,
            "valorBooleano": null,
            "preguntaLista": [
            ]
          },
          {
            "id": 2020,
            "padre": 1006,
            "texto": "de partos atendidos a madres VIH positivo ",
            "ayuda": null,
            "prefijo": null,
            "subfijo": null,
            "validacion": null,
            "orden": 8,
            "codigoTipoPregunta": null,
            "etiquetaTipoPregunta": null,
            "codigoRespuesta": null,
            "codigoEncuesta": null,
            "valorNumero": 8,
            "valorTexto": null,
            "valorFecha": null,
            "valorBooleano": null,
            "preguntaLista": [
              
            ]
          },
          {
            "id": 2021,
            "padre": 1006,
            "texto": "de partos expulsivos",
            "ayuda": null,
            "prefijo": null,
            "subfijo": null,
            "validacion": null,
            "orden": 9,
            "codigoTipoPregunta": null,
            "etiquetaTipoPregunta": null,
            "codigoRespuesta": null,
            "codigoEncuesta": null,
            "valorNumero": 9,
            "valorTexto": null,
            "valorFecha": null,
            "valorBooleano": null,
            "preguntaLista": [
              
            ]
          }
        ]
      },
      {
        "id": 1007,
        "padre": null,
        "texto": "8. Información en VIH/Sida",
        "ayuda": null,
        "prefijo": null,
        "subfijo": null,
        "validacion": null,
        "orden": 8,
        "codigoTipoPregunta": null,
        "etiquetaTipoPregunta": null,
        "codigoRespuesta": null,
        "codigoEncuesta": null,
        "valorNumero": null,
        "valorTexto": null,
        "valorFecha": null,
        "valorBooleano": null,
        "preguntaLista": [
          {
            "id": 2023,
            "padre": 1007,
            "texto": "Número de embarazadas que fueron asesoradas o recibieron pre consejería para VIH en el último año:",
            "ayuda": null,
            "prefijo": null,
            "subfijo": null,
            "validacion": null,
            "orden": 1,
            "codigoTipoPregunta": null,
            "etiquetaTipoPregunta": null,
            "codigoRespuesta": null,
            "codigoEncuesta": null,
            "valorNumero": 12,
            "valorTexto": null,
            "valorFecha": null,
            "valorBooleano": null,
            "preguntaLista": [
              
            ]
          },
          {
            "id": 2024,
            "padre": 1007,
            "texto": "Número de embarazadas que fueron tamizadas para VIH:",
            "ayuda": null,
            "prefijo": null,
            "subfijo": null,
            "validacion": null,
            "orden": 2,
            "codigoTipoPregunta": null,
            "etiquetaTipoPregunta": null,
            "codigoRespuesta": null,
            "codigoEncuesta": null,
            "valorNumero": 42,
            "valorTexto": null,
            "valorFecha": null,
            "valorBooleano": null,
            "preguntaLista": [
              
            ]
          }
        ]
      },
      {
        "id": 1008,
        "padre": null,
        "texto": "9. Información para Sífilis",
        "ayuda": null,
        "prefijo": null,
        "subfijo": null,
        "validacion": null,
        "orden": 9,
        "codigoTipoPregunta": null,
        "etiquetaTipoPregunta": null,
        "codigoRespuesta": null,
        "codigoEncuesta": null,
        "valorNumero": null,
        "valorTexto": null,
        "valorFecha": null,
        "valorBooleano": null,
        "preguntaLista": [
          {
            "id": 2025,
            "padre": 1008,
            "texto":"Número de embarazadas que fueron tamizadas para sífilis:",
            "ayuda": null,
            "prefijo": null,
            "subfijo": null,
            "validacion": null,
            "orden": 1,
            "codigoTipoPregunta": null,
            "etiquetaTipoPregunta": null,
            "codigoRespuesta": null,
            "codigoEncuesta": null,
            "valorNumero": 26,
            "valorTexto": null,
            "valorFecha": null,
            "valorBooleano": null,
            "preguntaLista": [
            ]
          }
        ]
      },
      {
        "id": 1009,
        "padre": null,
        "texto": "10. Fuentes de esta información: Nombre y apellido:",
        "ayuda": null,
        "prefijo": null,
        "subfijo": null,
        "validacion": null,
        "orden": 1,
        "codigoTipoPregunta": null,
        "etiquetaTipoPregunta": null,
        "codigoRespuesta": null,
        "codigoEncuesta": null,
        "valorNumero": null,
        "valorTexto": "Jaime Andres Paez Vitola",
        "valorFecha": null,
        "valorBooleano": null,
        "preguntaLista": [
          
        ]
      }
    ]
  }
}