{
  "currentPage": 1,
  "pageNumber":1,
  "pageSize": 8,
  "size":8,
  "totalResults": 29,
  "totalElements": 29,
  "totalPages":4,
  "start":0,
  "end":8,
  "sortFields": "",
  "sortDirections": "",
  "isPaginated": "Y",
  "list": [
    {
      "nombreUsuario": "paula.morales",
      "genEstado": {"codigo":"ACT","descripcion":"ACTIVOS"},
      "idEmpleado": null,
      "contrasenia": "/OaNBiEwXDQXg3etlJ1UY9AyL3vHhjEi",
      "contraseniaAnterior": null,
      "fechaCreacion": "2016-04-15",
      "fechaLogin": "2016-04-16",
      "usuarioModificacion": null,
      "nombreCompleto": null,
      "email": null,
      "direccion": null,
      "telefono": null,
      "segUsuariosRoleses": null
    },
    {
      "nombreUsuario": "jose.goyes",
      "genEstado":  {"codigo":"ACT","descripcion":"ACTIVOS"},
      "idEmpleado": null,
      "contrasenia": "6Wvh3SfJkorGfwP8lUn7DhRgCnOjkAjO",
      "contraseniaAnterior": "6Wvh3SfJkorGfwP8lUn7DhRgCnOjkAjO",
      "fechaCreacion": "2016-04-16",
      "fechaLogin": "2016-04-16",
      "usuarioModificacion": null,
      "nombreCompleto": null,
      "email": null,
      "direccion": null,
      "telefono": null,
      "segUsuariosRoleses": null
    },
    {
      "nombreUsuario": "luis.tamayo",
      "genEstado":  {"codigo":"ACT","descripcion":"ACTIVOS"},
      "idEmpleado": "1",
      "contrasenia": "1EAnt1t01taV/zVs0wSFDXrNse9IJe/z",
      "contraseniaAnterior": "1EAnt1t01taV/zVs0wSFDXrNse9IJe/z",
      "fechaCreacion": "2016-04-05",
      "fechaLogin": "2016-04-18",
      "usuarioModificacion": null,
      "nombreCompleto": "LUIS TAMAYO",
      "email": "luis.alberto.tamayo@gmail.com",
      "direccion": null,
      "telefono": null,
      "segUsuariosRoleses": null
    },
    {
      "nombreUsuario": "monica.verdezoto",
      "genEstado":  {"codigo":"ACT","descripcion":"ACTIVOS"},
      "idEmpleado": null,
      "contrasenia": "00gAMN8hRGq2WyliaTls5TXIWBsM8N73",
      "contraseniaAnterior": "00gAMN8hRGq2WyliaTls5TXIWBsM8N73",
      "fechaCreacion": "2016-04-18",
      "fechaLogin": "2016-04-18",
      "usuarioModificacion": null,
      "nombreCompleto": null,
      "email": null,
      "direccion": null,
      "telefono": null,
      "segUsuariosRoleses": null
    },
    {
      "nombreUsuario": "maricela.becerra",
      "genEstado":  {"codigo":"ACT","descripcion":"ACTIVOS"},
      "idEmpleado": "1",
      "contrasenia": "00gAMN8hRGq2WyliaTls5TXIWBsM8N73",
      "contraseniaAnterior": "1EAnt1t01taV/zVs0wSFDXrNse9IJe/z",
      "fechaCreacion": "2016-04-05",
      "fechaLogin": "2016-04-16",
      "usuarioModificacion": null,
      "nombreCompleto": "LUIS TAMAYO",
      "email": "luis.alberto.tamayo@gmail.com",
      "direccion": null,
      "telefono": null,
      "segUsuariosRoleses": null
    },
    {
      "nombreUsuario": "fernando.robalino",
      "genEstado":  {"codigo":"ACT","descripcion":"ACTIVOS"},
      "idEmpleado": null,
      "contrasenia": "t/XEXya+0rmYA7zneQ0ZPQ10oKpd8FhT",
      "contraseniaAnterior": "CA5am07/23WcbcEjIHDuZCPmUDedla1N",
      "fechaCreacion": "2016-04-20",
      "fechaLogin": "2016-04-20",
      "usuarioModificacion": null,
      "nombreCompleto": null,
      "email": null,
      "direccion": null,
      "telefono": null,
      "segUsuariosRoleses": null
    },
    {
      "nombreUsuario": "moises.pomaquero",
      "genEstado":  {"codigo":"ACT","descripcion":"ACTIVOS"},
      "idEmpleado": null,
      "contrasenia": "VnEtorTxe/Iu1a5wAqeBhO7nd8Q9Zkyi",
      "contraseniaAnterior": "VnEtorTxe/Iu1a5wAqeBhO7nd8Q9Zkyi",
      "fechaCreacion": "2016-04-21",
      "fechaLogin": "2016-04-21",
      "usuarioModificacion": null,
      "nombreCompleto": null,
      "email": null,
      "direccion": null,
      "telefono": null,
      "segUsuariosRoleses": null
    },
    {
      "nombreUsuario": "gabriel.orozco",
      "genEstado":  {"codigo":"ACT","descripcion":"ACTIVOS"},
      "idEmpleado": null,
      "contrasenia": "0mGzvFcI4lYrQvC7qtNTN1EAnxBI2Mgh",
      "contraseniaAnterior": "0mGzvFcI4lYrQvC7qtNTN1EAnxBI2Mgh",
      "fechaCreacion": "2016-04-21",
      "fechaLogin": "2016-04-20",
      "usuarioModificacion": null,
      "nombreCompleto": null,
      "email": null,
      "direccion": null,
      "telefono": null,
      "segUsuariosRoleses": null
    },
    {
      "nombreUsuario": "rosio.morales",
      "genEstado":  {"codigo":"ACT","descripcion":"ACTIVOS"},
      "idEmpleado": null,
      "contrasenia": "TVF0s8iSKM9RnSEedQCKtvPmq5QYqhi/",
      "contraseniaAnterior": "TVF0s8iSKM9RnSEedQCKtvPmq5QYqhi/",
      "fechaCreacion": "2016-04-21",
      "fechaLogin": "2016-04-24",
      "usuarioModificacion": "adm",
      "nombreCompleto": null,
      "email": null,
      "direccion": null,
      "telefono": null,
      "segUsuariosRoleses": null
    },
    {
      "nombreUsuario": "nelly.carchi",
      "genEstado":  {"codigo":"ACT","descripcion":"ACTIVOS"},
      "idEmpleado": null,
      "contrasenia": "t3hBSutxKwc/fG8BIa+t0vkohnRsgsx2",
      "contraseniaAnterior": "t3hBSutxKwc/fG8BIa+t0vkohnRsgsx2",
      "fechaCreacion": "2016-04-21",
      "fechaLogin": "2016-04-18",
      "usuarioModificacion": "adm",
      "nombreCompleto": null,
      "email": null,
      "direccion": null,
      "telefono": null,
      "segUsuariosRoleses": null
    },
    {
      "nombreUsuario": "rosa.vallejo",
      "genEstado":  {"codigo":"ACT","descripcion":"ACTIVOS"},
      "idEmpleado": null,
      "contrasenia": "QZY92uRDK9ww+ap2NMQYYkLL6pVoJiHe",
      "contraseniaAnterior": "QZY92uRDK9ww+ap2NMQYYkLL6pVoJiHe",
      "fechaCreacion": "2016-04-21",
      "fechaLogin": "2016-04-18",
      "usuarioModificacion": "adm",
      "nombreCompleto": null,
      "email": null,
      "direccion": null,
      "telefono": null,
      "segUsuariosRoleses": null
    },
    {
      "nombreUsuario": "yesenia.tapia",
      "genEstado":  {"codigo":"ACT","descripcion":"ACTIVOS"},
      "idEmpleado": null,
      "contrasenia": "uiqPoRzi6NbdqCkqX+4iT6IjQa4njPO/",
      "contraseniaAnterior": "uiqPoRzi6NbdqCkqX+4iT6IjQa4njPO/",
      "fechaCreacion": "2016-04-21",
      "fechaLogin": "2016-04-18",
      "usuarioModificacion": "adm",
      "nombreCompleto": null,
      "email": null,
      "direccion": null,
      "telefono": null,
      "segUsuariosRoleses": null
    },
    {
      "nombreUsuario": "adm",
      "genEstado":  {"codigo":"ACT","descripcion":"ACTIVOS"},
      "idEmpleado": null,
      "contrasenia": "1EAnt1t01taV/zVs0wSFDXrNse9IJe/z",
      "contraseniaAnterior": "1EAnt1t01taV/zVs0wSFDXrNse9IJe/z",
      "fechaCreacion": "2012-01-16",
      "fechaLogin": "2016-04-18",
      "usuarioModificacion": null,
      "nombreCompleto": null,
      "email": null,
      "direccion": null,
      "telefono": null,
      "segUsuariosRoleses": null
    },
    {
      "nombreUsuario": "alberto.tamayo",
      "genEstado":  {"codigo":"ACT","descripcion":"ACTIVOS"},
      "idEmpleado": null,
      "contrasenia": "nb7O5AJa0TaU/5HHfwl5XPkpitqg8evh",
      "contraseniaAnterior": null,
      "fechaCreacion": "2016-04-20",
      "fechaLogin": "2016-04-18",
      "usuarioModificacion": null,
      "nombreCompleto": null,
      "email": null,
      "direccion": null,
      "telefono": null,
      "segUsuariosRoleses": null
    },
    {
      "nombreUsuario": "auditor.sri",
      "genEstado":  {"codigo":"ACT","descripcion":"ACTIVOS"},
      "idEmpleado": null,
      "contrasenia": "EQZlqXDiNy7QD/RPwUgf46CZ5+2nTpe+",
      "contraseniaAnterior": "EQZlqXDiNy7QD/RPwUgf46CZ5+2nTpe+",
      "fechaCreacion": "2016-04-19",
      "fechaLogin": "2016-04-18",
      "usuarioModificacion": null,
      "nombreCompleto": null,
      "email": null,
      "direccion": null,
      "telefono": null,
      "segUsuariosRoleses": null
    },
    {
      "nombreUsuario": "eduardo.sarango",
      "genEstado":  {"codigo":"ACT","descripcion":"ACTIVOS"},
      "idEmpleado": null,
      "contrasenia": "+T3ApfxkM1UZenehJ5IZewa+OMSqnppB",
      "contraseniaAnterior": "+T3ApfxkM1UZenehJ5IZewa+OMSqnppB",
      "fechaCreacion": "2016-04-21",
      "fechaLogin": "2016-04-18",
      "usuarioModificacion": null,
      "nombreCompleto": null,
      "email": null,
      "direccion": null,
      "telefono": null,
      "segUsuariosRoleses": null
    },
    {
      "nombreUsuario": "fernando.guillen",
      "genEstado":  {"codigo":"ACT","descripcion":"ACTIVOS"},
      "idEmpleado": null,
      "contrasenia": "JTJr9h1rcqE7rS+/gg9RAwMklxynmyTZ",
      "contraseniaAnterior": "JTJr9h1rcqE7rS+/gg9RAwMklxynmyTZ",
      "fechaCreacion": "2016-04-21",
      "fechaLogin": "2016-04-18",
      "usuarioModificacion": null,
      "nombreCompleto": null,
      "email": null,
      "direccion": null,
      "telefono": null,
      "segUsuariosRoleses": null
    },
    {
      "nombreUsuario": "gestor",
      "genEstado":  {"codigo":"ACT","descripcion":"ACTIVOS"},
      "idEmpleado": null,
      "contrasenia": "00gAMN8hRGq2WyliaTls5TXIWBsM8N73",
      "contraseniaAnterior": null,
      "fechaCreacion": "2016-04-18",
      "fechaLogin": "2016-04-18",
      "usuarioModificacion": null,
      "nombreCompleto": null,
      "email": null,
      "direccion": null,
      "telefono": null,
      "segUsuariosRoleses": null
    },
    {
      "nombreUsuario": "jorge.hernandez",
      "genEstado":  {"codigo":"ACT","descripcion":"ACTIVOS"},
      "idEmpleado": null,
      "contrasenia": "G3hjukv+X1xQdEgu//mKyYJpPiWRcVV9",
      "contraseniaAnterior": "G3hjukv+X1xQdEgu//mKyYJpPiWRcVV9",
      "fechaCreacion": "2016-04-21",
      "fechaLogin": "2016-04-18",
      "usuarioModificacion": null,
      "nombreCompleto": null,
      "email": null,
      "direccion": null,
      "telefono": null,
      "segUsuariosRoleses": null
    },
    {
      "nombreUsuario": "martin.valverde",
      "genEstado":  {"codigo":"ACT","descripcion":"ACTIVOS"},
      "idEmpleado": null,
      "contrasenia": "KmaK9Y/yQmaQFc0uybE4DtK6iMnWd8AF",
      "contraseniaAnterior": null,
      "fechaCreacion": "2016-04-21",
      "fechaLogin": "2016-04-18",
      "usuarioModificacion": null,
      "nombreCompleto": null,
      "email": null,
      "direccion": null,
      "telefono": null,
      "segUsuariosRoleses": null
    },
    {
      "nombreUsuario": "isabel.villacres",
      "genEstado":  {"codigo":"ACT","descripcion":"ACTIVOS"},
      "idEmpleado": null,
      "contrasenia": "Wfwidrg7CnAl2ixhHMpyLEuxZu+aj++l",
      "contraseniaAnterior": "Wfwidrg7CnAl2ixhHMpyLEuxZu+aj++l",
      "fechaCreacion": "2016-04-21",
      "fechaLogin": "2016-04-18",
      "usuarioModificacion": null,
      "nombreCompleto": null,
      "email": null,
      "direccion": null,
      "telefono": null,
      "segUsuariosRoleses": null
    },
    {
      "nombreUsuario": "byron.sarmiento",
      "genEstado":  {"codigo":"ACT","descripcion":"ACTIVOS"},
      "idEmpleado": null,
      "contrasenia": "1EAnt1t01taV/zVs0wSFDXrNse9IJe/z",
      "contraseniaAnterior": "rqg8AGXN+U4GBU0XB4tcV8Sh9tlkQ/eB",
      "fechaCreacion": "2016-04-19",
      "fechaLogin": "2016-04-19",
      "usuarioModificacion": null,
      "nombreCompleto": null,
      "email": null,
      "direccion": null,
      "telefono": null,
      "segUsuariosRoleses": null
    },
    {
      "nombreUsuario": "rzamora",
      "genEstado":  {"codigo":"ACT","descripcion":"ACTIVOS"},
      "idEmpleado": null,
      "contrasenia": "4KVbsFNe0XRSlmQxodtHqcAh8QCNmark",
      "contraseniaAnterior": null,
      "fechaCreacion": "2017-04-13",
      "fechaLogin": null,
      "usuarioModificacion": null,
      "nombreCompleto": null,
      "email": null,
      "direccion": null,
      "telefono": null,
      "segUsuariosRoleses": null
    },
    {
      "nombreUsuario": "reynaldo.zamora",
      "genEstado":  {"codigo":"ACT","descripcion":"ACTIVOS"},
      "idEmpleado": null,
      "contrasenia": "k6y2roL7s0YVBP9QwZAPDZQ92OYysLuO",
      "contraseniaAnterior": null,
      "fechaCreacion": "2017-04-13",
      "fechaLogin": null,
      "usuarioModificacion": null,
      "nombreCompleto": null,
      "email": null,
      "direccion": null,
      "telefono": null,
      "segUsuariosRoleses": null
    },
    {
      "nombreUsuario": "jbf.maresa",
      "genEstado":  {"codigo":"ACT","descripcion":"ACTIVOS"},
      "idEmpleado": null,
      "contrasenia": "1EAnt1t01taV/zVs0wSFDXrNse9IJe/z",
      "contraseniaAnterior": null,
      "fechaCreacion": "2017-04-13",
      "fechaLogin": "2016-04-13",
      "usuarioModificacion": null,
      "nombreCompleto": null,
      "email": null,
      "direccion": null,
      "telefono": null,
      "segUsuariosRoleses": null
    },
    {
      "nombreUsuario": "ximena.chavez",
      "genEstado":  {"codigo":"ACT","descripcion":"ACTIVOS"},
      "idEmpleado": null,
      "contrasenia": "1EAnt1t01taV/zVs0wSFDXrNse9IJe/z",
      "contraseniaAnterior": "fFjTCTkLMJI+RTPh0n9cVYc/41Nl4owL",
      "fechaCreacion": "2016-04-21",
      "fechaLogin": "2016-04-21",
      "usuarioModificacion": "adm",
      "nombreCompleto": null,
      "email": null,
      "direccion": null,
      "telefono": null,
      "segUsuariosRoleses": null
    },
    {
      "nombreUsuario": "maria.pacheco",
      "genEstado":  {"codigo":"ACT","descripcion":"ACTIVOS"},
      "idEmpleado": null,
      "contrasenia": "+4QSU8522espWmz6WYtLDtLYI3qeMY+F",
      "contraseniaAnterior": null,
      "fechaCreacion": "2017-04-18",
      "fechaLogin": null,
      "usuarioModificacion": null,
      "nombreCompleto": null,
      "email": null,
      "direccion": null,
      "telefono": null,
      "segUsuariosRoleses": null
    },
    {
      "nombreUsuario": "david.zamora",
      "genEstado":  {"codigo":"ACT","descripcion":"ACTIVOS"},
      "idEmpleado": null,
      "contrasenia": "1EAnt1t01taV/zVs0wSFDXrNse9IJe/z",
      "contraseniaAnterior": null,
      "fechaCreacion": "2017-04-18",
      "fechaLogin": "2017-04-14",
      "usuarioModificacion": null,
      "nombreCompleto": null,
      "email": null,
      "direccion": null,
      "telefono": null,
      "segUsuariosRoleses": null
    },
    {
      "nombreUsuario": "alain.chamizo",
      "genEstado":  {"codigo":"ACT","descripcion":"ACTIVOS"},
      "idEmpleado": null,
      "contrasenia": "1EAnt1t01taV/zVs0wSFDXrNse9IJe/z",
      "contraseniaAnterior": null,
      "fechaCreacion": "2017-04-18",
      "fechaLogin": "2017-04-14",
      "usuarioModificacion": null,
      "nombreCompleto": null,
      "email": null,
      "direccion": null,
      "telefono": null,
      "segUsuariosRoleses": null
    }
  ],
  "startRecord": 0
}
