{
  "project": {
    "version": "1.0.0-beta.28.3",
    "name": "core-exco-web"
  },
  "apps": [
    {
      "root": "src",
      "outDir": "dist",
      "assets": [
        "assets",
        "favicon.ico"
      ],
      "index": "index.html",
      "main": "main.ts",
      "polyfills": "polyfills.ts",
      "test": "test.ts",
      "tsconfig": "tsconfig.json",
      "prefix": "app",
      "styles": [
        "styles.css",
        "../node_modules/bootstrap/dist/css/bootstrap.min.css",
        "../node_modules/bootstrap/dist/css/bootstrap-theme.min.css",
		"../node_modules/font-awesome/css/font-awesome.min.css",
		"../node_modules/@swimlane/ngx-datatable/release/index.css",
		"../node_modules/@swimlane/ngx-datatable/release/themes/material.css",
		"../node_modules/@swimlane/ngx-datatable/release/themes/dark.css",
		"../node_modules/@swimlane/ngx-datatable/release/assets/icons.css",
  		"../src/assets/css/slidebar.css",
  		"../src/assets/css/modal.css",
  		"../src/assets/adminlte/css/AdminLTE.min.css",
        "../src/assets/adminlte/css/skins/skin-black.min.css"
      ],
      "scripts": [
      	"../src/assets/jquery/jquery-2.2.4.min.js",
      	"../src/assets/js/web-animations.min.js",
      	"../src/assets/js/menu.js",
      	"../node_modules/bootstrap/dist/js/bootstrap.min.js",
      	"../src/assets/adminlte/js/app.min.js"
      ],
      "environmentSource": "environments/environment.ts",
      "environments": {
        "dev": "environments/environment.ts",
        "prod": "environments/environment.prod.ts"
      }
    }
  ],
  "e2e": {
    "protractor": {
      "config": "./protractor.conf.js"
    }
  },
  "lint": [
    {
      "files": "src/**/*.ts",
      "project": "src/tsconfig.json"
    },
    {
      "files": "e2e/**/*.ts",
      "project": "e2e/tsconfig.json"
    }
  ],
  "test": {
    "karma": {
      "config": "./karma.conf.js"
    }
  },
  "defaults": {
    "styleExt": "css",
    "prefixInterfaces": false,
    "inline": {
      "style": false,
      "template": false
    },
    "spec": {
      "class": false,
      "component": true,
      "directive": true,
      "module": false,
      "pipe": true,
      "service": true
    }
  }
}
